provider	case	proof_sha256
ethpandaops	proof_by_number	69b7f100d43aca520a6873d14d16eff03761b7c4c850144b02664a858aafb658
ethpandaops	proof_by_hash	69b7f100d43aca520a6873d14d16eff03761b7c4c850144b02664a858aafb658
ethpandaops	proof_by_hash_noncanonical_allowed	69b7f100d43aca520a6873d14d16eff03761b7c4c850144b02664a858aafb658
publicnode	proof_by_number	69b7f100d43aca520a6873d14d16eff03761b7c4c850144b02664a858aafb658
publicnode	proof_by_hash	69b7f100d43aca520a6873d14d16eff03761b7c4c850144b02664a858aafb658
publicnode	proof_by_hash_noncanonical_allowed	69b7f100d43aca520a6873d14d16eff03761b7c4c850144b02664a858aafb658
one_rpc	proof_by_number	69b7f100d43aca520a6873d14d16eff03761b7c4c850144b02664a858aafb658
one_rpc	proof_by_hash_noncanonical_allowed	69b7f100d43aca520a6873d14d16eff03761b7c4c850144b02664a858aafb658
tenderly	proof_by_hash	69b7f100d43aca520a6873d14d16eff03761b7c4c850144b02664a858aafb658
tenderly	proof_by_hash_noncanonical_allowed	69b7f100d43aca520a6873d14d16eff03761b7c4c850144b02664a858aafb658
